Season,Striker,total_runs,balls_faced,strike_rate,total_wickets,total_runs_conceded,balls_bowled,economy_rate,Retention,Performance Score,Calculated Salary (Lakhs)
22,AD Russell,335,200,169.833281775,17,273,176,9.371203912,1,535.6386233589001,1417.1915755519228
22,AK Markram,381,277,140.023576075,1,64,36,7.875,1,390.1445728225,1058.9400775966076
22,AR Patel,182,122,155.232334875,6,319,261,7.649512987,1,345.2748465664,948.4568888694425
22,Abhishek Sharma,426,329,128.84358062500002,0,38,24,5.66666666675,1,251.6530741875,717.9310352533091
22,Arshdeep Singh,21,30,34.09090909,10,380,317,7.0984792575,1,268.59772894975004,759.6540330565288
22,Avesh Khan,22,13,185.18518519999998,13,223,178,7.569019927,1,344.2848495819,946.0192091061754
22,B Kumar,24,28,93.37121213,12,373,330,6.796158277,1,307.9725161559,856.6069768110633
22,D Padikkal,376,317,116.27070853333333,0,0,0,0.0,1,222.88121256,647.0857842687258
22,DA Miller,481,348,144.56010568333332,0,0,0,0.0,1,283.868031705,797.2542566816924
22,DA Warner,432,301,139.33374673333333,0,0,0,0.0,1,257.80012402,733.066979316865
22,DJ Bravo,23,26,83.33333333333333,13,276,205,8.068268130666667,1,314.0795195608,871.6443141438108
22,DJ Hooda,451,340,137.24675324,1,43,24,4.466666666,1,425.3340259722,1145.5874302315142
22,DR Sams,38,40,126.42857142000001,12,313,255,7.919694792333334,1,324.5526629883,897.4324429873614
22,F du Plessis,468,377,91.84838180166666,0,0,0,0.0,1,261.5545145405,742.3114537329639
22,GJ Maxwell,301,184,165.14157586666667,6,165,146,5.7238826715,1,408.32530795855,1103.70668882508
22,HH Pandya,487,387,123.84813936666667,8,222,189,6.7513888145,1,508.62902516565,1350.6855639574335
22,HV Patel,43,42,114.55182073800002,18,380,311,7.659424274200001,1,383.56771893914,1042.7458225953867
22,Ishan Kishan,418,355,113.4432000225,0,0,0,0.0,1,243.03296000675,696.7056393940679
22,JC Buttler,863,596,142.16965361666666,0,0,0,0.0,1,474.150896085,1265.7897118981814
22,JJ Bumrah,0,9,0.0,15,268,257,6.398989899,1,298.0803030303,832.2492786283956
22,JM Sharma,234,149,160.591842525,0,0,0,0.0,1,165.1775527575,505.00146889269837
22,JO Holder,58,46,111.63003663250001,14,391,266,8.850075188,1,349.83398843335,959.6829108078241
22,JR Hazlewood,18,27,51.041666667499996,10,250,189,7.3081550805,1,272.1200534761,768.3270889869768
22,K Rabada,48,47,103.607954545,23,399,303,7.907427730999999,1,432.7101580442,1163.7497561422163
22,KD Karthik,330,188,147.05393679166664,0,0,0,0.0,1,209.11618103749998,613.1920054911252
22,KH Pandya,183,150,96.271460414,10,265,232,7.1868172758,1,368.22539294146003,1004.9682553991768
22,KL Rahul,616,472,118.91299436,0,0,0,0.0,1,343.673898308,944.5148574969826
22,Kuldeep Yadav,48,54,90.0,11,302,208,8.492501209666665,1,308.4522496371,857.7882294988922
22,LS Livingstone,437,261,154.8247355,6,202,144,8.8792105275,1,472.28365749175003,1261.191991093753
22,M Ashwin,12,14,120.0,9,228,179,7.811039835333332,1,279.6566880494,786.8846218584054
22,M Prasidh Krishna,6,12,48.571428569999995,6,160,150,5.9607843135,1,225.78319327695002,654.2313612531584
22,M Theekshana,7,7,87.5,6,133,116,7.0265151515,1,237.64204545455,683.4315350127924
22,MM Ali,244,183,123.235938175,8,158,146,6.6610228540000005,1,386.9724745963,1051.1293874892947
22,N Pooran,306,228,134.311767275,0,0,0,0.0,1,193.2935301825,574.2317294555803
22,N Rana,361,259,135.790141225,0,23,12,5.75,1,221.2370423675,643.0373270831226
22,PP Shaw,283,193,148.541257425,0,0,0,0.0,1,186.0623772275,556.4263871166876
22,PWH de Silva,38,48,81.67892155,17,271,225,6.9684597845,1,361.41313852965,988.1943712541818
22,Q de Kock,508,350,136.23381262,0,0,0,0.0,1,294.87014378599997,824.3448704845187
22,R Ashwin,191,140,127.80258727833335,12,501,419,7.316047358333333,1,401.645961976,1087.2600664732493
22,R Dhawan,37,41,151.351727975,6,156,119,7.710664335500001,1,271.59231909184996,767.0276431815773
22,RA Tripathi,413,271,134.6511697925,0,0,0,0.0,1,246.89535093775,706.2160443324033
22,RD Chahar,77,70,76.4814814725,14,351,290,7.4436165800000005,1,349.21135946774996,958.1498050981802
22,RD Gaikwad,368,298,99.3405163425,0,0,0,0.0,1,213.80215490275,624.7303271641842
22,RM Patidar,333,232,139.02997252,0,0,0,0.0,1,208.208991756,610.958223987152
22,RR Pant,340,234,147.33763464999998,0,0,0,0.0,1,214.201290395,625.7131225943651
22,Ramandeep Singh,45,42,109.42684766333332,6,54,41,2.6341463413333335,1,264.5378103966,749.657253821362
22,Rashid Khan,91,44,143.98395722499998,18,383,338,6.737331081,1,416.67398784319994,1124.2637292236286
22,S Dhawan,460,395,115.9170299,0,0,0,0.0,1,264.77510897,750.2415565407503
22,SA Yadav,303,210,130.396440125,0,0,0,0.0,1,190.6189320375,567.646038918117
22,SN Thakur,120,90,121.27673050749999,15,466,315,9.045121526500001,1,393.6694826943,1067.6194994497635
22,SO Hetmyer,314,221,122.43759591833333,0,0,0,0.0,1,193.7312787755,575.309602321116
22,SP Narine,71,40,148.80952382499999,9,310,342,5.51266285025,1,318.48905829242494,882.5019667424742
22,SS Iyer,401,310,128.697255875,0,7,6,1.75,1,239.1091767625,687.0440675310119
22,SV Samson,458,321,145.48682361666667,0,0,0,0.0,1,272.646047085,769.622248463317
22,Shubman Gill,483,374,123.47017079833331,0,0,0,0.0,1,278.5410512395,784.1375778600616
22,TA Boult,40,30,140.158730152,15,449,363,7.0251154929999995,1,359.9400843977,984.5672549054734
22,TG Southee,2,12,6.666666666666667,14,275,220,7.396907040333333,1,290.7809278879,814.2759520953746
22,TH David,186,91,195.78865580000002,0,0,0,0.0,1,151.73659674,471.9056645662102
22,Tilak Varma,397,313,127.837552025,0,13,12,3.25,1,236.8512656075,681.484389657267
22,UT Yadav,55,41,100.3968254,14,295,249,7.314313725333332,1,345.4247535024,948.8260062606892
22,Umran Malik,4,8,53.333333333333336,19,347,237,8.754332459666667,1,355.3737002621,973.3234002544627
22,V Kohli,341,306,107.51085125833333,0,0,0,0.0,1,202.7532553775,597.5245081558785
22,WP Saha,317,266,83.66963533666667,0,0,0,0.0,1,183.600890601,550.3654432644166
23,AD Russell,227,162,122.7311175625,7,172,99,7.27410714375,1,368.137103125625,1004.7508584770314
23,AM Rahane,326,193,179.81362675,0,0,0,0.0,1,216.94408802499999,632.4667414256037
23,AR Patel,283,216,116.31002926714287,10,306,270,7.312133769428572,1,424.1993686493143,1142.7935518283002
23,Abdul Samad,169,131,165.90476189999998,0,0,0,0.0,1,134.27142856999998,428.90100124234027
23,B Kumar,42,49,83.92857143,11,252,192,7.7142857145,1,303.86428571465,846.4912387166371
23,B Sai Sudharsan,362,264,121.87772543333334,0,0,0,0.0,1,217.56331763,633.9914768546585
23,C Green,452,287,144.180218205,6,351,239,9.399029421,1,476.4343566352,1271.4123003106633
23,CV Varun,1,11,6.25,12,255,187,6.398773006,1,270.4553680982,764.2281170492356
23,DA Warner,516,406,106.7704348625,0,0,0,0.0,1,290.03113045875,812.4297181692057
23,DP Conway,672,493,115.10888522857142,0,0,0,0.0,1,370.5326655685714,1010.6494765336943
23,Dhruv Jurel,152,93,155.11359043428573,0,0,0,0.0,1,122.53407713028571,400.0
23,F du Plessis,730,483,146.752184625,0,0,0,0.0,1,409.0256553875,1105.4311615068527
23,GJ Maxwell,400,225,108.37662339125,3,94,64,3.8625,1,411.354237017375,1111.1648520181718
23,H Klaasen,448,262,169.9721009,0,0,0,0.0,1,274.99163027,775.3978020787881
23,HH Pandya,346,254,137.41134559124998,3,228,156,5.433689422125,1,392.59329685073754,1064.9695959718335
23,Harpreet Brar,52,42,110.95238095714285,9,203,154,7.358646616571428,1,297.07812030217144,829.7815937831849
23,Ishan Kishan,454,325,120.78450130249999,0,0,0,0.0,1,263.23535039075,746.4501931449813
23,JC Buttler,392,298,82.52329196333332,0,0,0,0.0,1,220.756987589,641.8552832616454
23,JM Sharma,309,205,144.03205247111111,0,0,0,0.0,1,197.70961574133332,585.105502374254
23,KH Pandya,188,172,96.66666667142856,7,289,229,7.532312924714286,1,340.7403061240143,937.2914432719458
23,KR Mayers,379,276,112.81019706142857,0,59,46,5.723704865999999,1,223.34305911842858,648.2229938025353
23,Kuldeep Yadav,31,50,55.105132958571424,10,340,281,6.578654347285714,1,280.0579435833857,787.8726374891701
23,MM Ali,124,92,157.07038475000002,6,162,127,7.1915137614999995,1,316.96366129654996,878.7459660212485
23,MM Sharma,0,1,0.0,20,181,141,7.70212766,1,347.689361702,954.4021743362739
23,MP Stoinis,408,281,122.041846105,5,100,69,5.39375,1,438.9944288315,1179.2235807749548
23,MR Marsh,128,97,85.18264839999999,12,170,132,5.952006133599999,1,357.76919267991997,979.2218458875363
23,Mohammed Shami,5,8,35.714285715,19,267,233,6.807115384499999,1,351.17215109914997,962.9778825112257
23,Mohammed Siraj,1,2,50.0,12,222,206,6.500988142000001,1,283.5497035574,796.4704340078538
23,N Pooran,358,217,188.934672025,0,0,0,0.0,1,235.6804016075,678.6013591803815
23,N Rana,413,303,126.14254631125,3,75,54,3.09375,1,423.414638893375,1140.86130367438
23,N Wadhera,241,171,141.03150181799998,0,0,0,0.0,1,162.80945054539998,499.17046644504927
23,P Simran Singh,358,245,126.19039637777779,0,0,0,0.0,1,216.85711891333335,632.2525964869237
23,PP Chawla,25,22,103.96825397666667,14,349,257,8.373485777,1,331.17843045989997,913.7471384202884
23,R Ashwin,67,55,129.0476190385714,14,334,285,7.024749923,1,360.1068607346714,984.9779099963396
23,RA Jadeja,190,138,175.6481481333333,16,393,306,9.133748326166666,1,454.95431994215,1218.5217849043643
23,RD Gaikwad,590,411,136.49031027142857,0,0,0,0.0,1,335.9470930814286,925.489065468905
23,RG Sharma,332,258,91.24566089000001,0,0,0,0.0,1,193.373698267,574.4291281550766
23,RK Singh,474,333,131.49312736375,0,0,0,0.0,1,276.447938209125,778.9836841045637
23,Rashid Khan,130,66,184.63980463333334,18,370,260,8.441823899333334,1,447.8593942202,1201.0518762833628
23,Ravi Bishnoi,20,28,82.66666666799999,14,302,250,7.7524615384,1,322.47426153888,892.3147737090499
23,S Dhawan,373,275,133.13233485714287,0,0,0,0.0,1,226.43970045714286,655.8478856392444
23,S Dube,418,277,162.55168734285715,0,0,0,0.0,1,257.7655062028571,732.9817395094524
23,SA Yadav,605,340,137.72600475,0,0,0,0.0,1,343.81780142499997,944.8691916229186
23,SV Samson,362,240,126.69888541888889,0,0,0,0.0,1,219.00966562566666,637.5528344091558
23,Shubman Gill,890,582,111.77301865222222,0,0,0,0.0,1,478.5319055956667,1276.5771167024773
23,Tilak Varma,343,226,177.78388055714285,0,7,7,0.8571428571428571,1,224.83516416714286,651.8970194196504
23,V Kohli,639,473,108.805364825,0,0,0,0.0,1,352.1416094475,965.3649897793323
23,V Shankar,301,199,145.39761503285715,0,0,0,0.0,1,194.11928450985715,576.2649928338981
23,VR Iyer,404,288,141.3424848,0,0,0,0.0,1,244.40274544,700.0784761632003
23,WP Saha,371,297,118.03042935555555,0,0,0,0.0,1,220.90912880666667,642.2299021476335
23,YBK Jaiswal,625,397,138.89434761111113,0,0,0,0.0,1,354.1683042833333,970.3553413308821
24,A Raghuvanshi,163,109,153.80952382,0,0,0,0.0,1,127.64285714600001,412.57940160856225
24,AD Russell,222,141,175.694993406,16,251,154,8.6653221582,1,471.10890137434,1258.2993770161138
24,AR Patel,235,183,115.87432408714287,10,294,216,7.670329670285715,1,399.9611983250572,1083.1116555971637
24,Abdul Samad,182,113,162.50437064125,0,0,0,0.0,1,139.751311192375,442.3941726184028
24,Abhishek Sharma,484,248,176.24935715625,2,51,42,3.0625,1,463.956057146875,1240.6868550629274
24,Abishek Porel,327,213,143.41742065875,0,0,0,0.0,1,206.525226197625,606.8122707246678
24,B Sai Sudharsan,527,388,115.04293391285715,0,0,0,0.0,1,298.0128801738571,832.0832626351091
24,DJ Mitchell,318,228,127.43635709142858,1,70,38,2.969670329714286,1,356.34000602851427,975.7027448876247
24,F du Plessis,438,276,147.299664575,0,0,0,0.0,1,263.1898993725,746.3382786349953
24,GJ Maxwell,52,46,35.809523806,6,124,98,7.9372549018,1,244.36168067126002,699.977361960523
24,H Klaasen,479,293,148.0625852375,0,0,0,0.0,1,283.91877557125,797.3792038257789
24,HH Pandya,216,154,128.773809525,11,387,226,10.909166666625,1,403.35939285751243,1091.4790649661886
24,HV Patel,13,19,52.857142855,17,206,156,7.761344538,1,340.0287394951,935.539345438641
24,Ishan Kishan,320,222,114.8527119025,0,0,0,0.0,1,194.45581357075,577.0936318038482
24,J Fraser-McGurk,330,150,203.72462604,0,0,0,0.0,1,226.117387812,655.0542518961004
24,JC Buttler,359,266,106.99726881857143,0,0,0,0.0,1,211.59918064557144,619.3059209793157
24,JJ Bumrah,12,12,130.0,14,183,201,5.761164883666666,1,333.2716505349,918.901295752868
24,JM Bairstow,298,197,140.8785065425,0,0,0,0.0,1,191.26355196275,569.2332931940222
24,KD Karthik,326,195,164.47652666,0,0,0,0.0,1,212.342957998,621.1373316086192
24,KH Pandya,133,112,105.43367346666666,6,220,187,6.983125404,1,306.0351644188,851.836615690979
24,KL Rahul,520,398,129.2269649475,0,0,0,0.0,1,298.76808948425,833.9428222921576
24,Kuldeep Yadav,47,44,99.0530303125,12,295,192,8.87735294125,1,320.552703211375,887.5833008639459
24,MA Starc,9,11,65.0,13,323,205,8.355701754250001,1,301.493289473725,840.6531102720289
24,MP Stoinis,388,272,125.00246500375,4,121,87,2.825844155875,1,420.6529862543625,1134.0612579604078
24,MS Dhoni,161,82,189.9151287375,0,0,0,0.0,1,137.47453862125,436.7880520856251
24,N Pooran,499,296,181.26153221250001,0,0,0,0.0,1,303.87845966375,846.526139377374
24,Nithish Kumar Reddy,303,221,125.620098615,3,153,87,9.869847030499999,1,366.22507547535,1000.0428531165535
24,P Simran Singh,334,216,167.97126256666667,0,0,0,0.0,1,217.39137877,633.5681100302099
24,PD Salt,435,250,134.96797196666668,0,0,0,0.0,1,257.99039159,733.5354771125722
24,PJ Cummins,136,99,110.10212411428571,15,521,350,8.342321312142857,1,398.5279408406428,1079.582530943241
24,PP Chawla,15,15,88.571428572,12,250,185,8.3754124322,1,301.55880484194,840.8144294374215
24,PP Shaw,198,125,159.63650736666668,0,0,0,0.0,1,146.89095221,459.9741841721223
24,R Ashwin,86,76,92.95739349142858,6,399,294,7.944173492428571,1,278.50396599970003,784.0462624924476
24,R Parag,573,407,138.83067366999998,0,27,19,1.7846153846,1,328.149202101,906.2882382575417
24,RA Jadeja,267,191,146.91854212857143,8,332,261,9.586126029142857,1,404.6997248298286,1094.77937817535
24,RD Gaikwad,583,425,93.07632099125,0,0,0,0.0,1,319.422896297375,884.8013656724481
24,RG Sharma,417,293,126.417221125,0,0,0,0.0,1,246.4251663375,705.0583039524076
24,RM Patidar,395,237,163.63054377142856,0,0,0,0.0,1,246.58916313142856,705.4621149458344
24,RR Pant,446,296,131.43352190375,0,0,0,0.0,1,262.430056571125,744.4673098854171
24,RR Rossouw,211,122,162.9116809,0,0,0,0.0,1,154.37350427,478.3985491144743
24,Ravi Bishnoi,4,6,75.0,7,205,160,7.198529412,1,242.3404411764,695.0004431511941
24,S Dube,396,259,107.332393485,1,14,6,1.75,1,389.6747180455,1057.783149343795
24,SA Yadav,345,209,149.81551099499998,0,0,0,0.0,1,217.4446532985,633.6992884499984
24,SD Hope,183,125,152.20178196666666,0,0,0,0.0,1,137.16053459,436.0148767279759
24,SM Curran,270,230,94.32460118571429,15,356,230,9.38072453842857,1,460.4831629941857,1232.1355120502458
24,SP Narine,488,292,160.0332347,17,366,334,7.095679442571429,1,609.8812665772286,1600.0
24,SS Iyer,351,250,154.60797557142857,0,0,0,0.0,1,221.88239267142856,644.6263797779643
24,SV Samson,531,367,121.58173078,0,0,0,0.0,1,301.974519234,841.8380472632227
24,Shahbaz Ahmed,215,173,154.13069108,7,252,160,11.718386876285715,1,370.2236912611143,1009.8886859167026
24,Shashank Singh,354,225,140.53482737666667,1,5,6,0.5555555555555556,1,378.9937815463333,1031.4833694814236
24,Shubman Gill,426,295,118.8871145257143,0,0,0,0.0,1,248.66613435771427,710.5762625710033
24,T Stubbs,378,204,147.594332305,1,4,6,0.5,1,393.12829969150005,1066.2869389725054
24,TM Head,567,307,174.92533818571428,0,32,10,2.742857142857143,1,335.9776014557143,925.5641865528789
24,Tilak Varma,416,291,145.8438742675,0,8,4,1.5,1,251.75316228025,718.1774831941218
24,V Kohli,741,497,142.16045865375,0,0,0,0.0,1,413.148137596125,1115.5819918747554
24,VR Iyer,370,238,162.31883937142857,0,28,6,4.0,1,233.69565181142858,673.7142893319053
24,WG Jacks,230,133,152.30520697833333,2,98,55,6.59,1,328.71456209350004,907.6803299853507
24,YBK Jaiswal,435,288,153.84615385,0,0,0,0.0,1,263.653846155,747.4806595721498
