Season,Striker,total_runs,balls_faced,strike_rate,total_wickets,total_runs_conceded,balls_bowled,economy_rate,Retention,Performance Score
24,SP Narine,488,292,160.0332347,17,366,334,7.095679442571429,1,609.8812665772286
22,AD Russell,335,200,169.833281775,17,273,176,9.371203912,1,535.6386233589001
22,HH Pandya,487,387,123.84813936666667,8,222,189,6.7513888145,1,508.62902516565
23,C Green,452,287,144.180218205,6,351,239,9.399029421,1,476.4343566352
22,LS Livingstone,437,261,154.8247355,6,202,144,8.8792105275,1,472.28365749175003
24,AD Russell,222,141,175.694993406,16,251,154,8.6653221582,1,471.10890137434
24,Abhishek Sharma,484,248,176.24935715625,2,51,42,3.0625,1,463.956057146875
24,SM Curran,270,230,94.32460118571429,15,356,230,9.38072453842857,1,460.4831629941857
23,RA Jadeja,190,138,175.6481481333333,16,393,306,9.133748326166666,1,454.95431994215
23,Rashid Khan,130,66,184.63980463333334,18,370,260,8.441823899333334,1,447.8593942202
23,MP Stoinis,408,281,122.041846105,5,100,69,5.39375,1,438.9944288315
22,K Rabada,48,47,103.607954545,23,399,303,7.907427730999999,1,432.7101580442
22,DJ Hooda,451,340,137.24675324,1,43,24,4.466666666,1,425.3340259722
23,AR Patel,283,216,116.31002926714287,10,306,270,7.312133769428572,1,424.1993686493143
23,N Rana,413,303,126.14254631125,3,75,54,3.09375,1,423.414638893375
24,MP Stoinis,388,272,125.00246500375,4,121,87,2.825844155875,1,420.6529862543625
22,Rashid Khan,91,44,143.98395722499998,18,383,338,6.737331081,1,416.67398784319994
23,GJ Maxwell,400,225,108.37662339125,3,94,64,3.8625,1,411.354237017375
22,GJ Maxwell,301,184,165.14157586666667,6,165,146,5.7238826715,1,408.32530795855
24,RA Jadeja,267,191,146.91854212857143,8,332,261,9.586126029142857,1,404.6997248298286
24,HH Pandya,216,154,128.773809525,11,387,226,10.909166666625,1,403.35939285751243
22,R Ashwin,191,140,127.80258727833335,12,501,419,7.316047358333333,1,401.645961976
24,AR Patel,235,183,115.87432408714287,10,294,216,7.670329670285715,1,399.9611983250572
24,PJ Cummins,136,99,110.10212411428571,15,521,350,8.342321312142857,1,398.5279408406428
22,SN Thakur,120,90,121.27673050749999,15,466,315,9.045121526500001,1,393.6694826943
24,T Stubbs,378,204,147.594332305,1,4,6,0.5,1,393.12829969150005
23,HH Pandya,346,254,137.41134559124998,3,228,156,5.433689422125,1,392.59329685073754
22,AK Markram,381,277,140.023576075,1,64,36,7.875,1,390.1445728225
24,S Dube,396,259,107.332393485,1,14,6,1.75,1,389.6747180455
22,MM Ali,244,183,123.235938175,8,158,146,6.6610228540000005,1,386.9724745963
22,HV Patel,43,42,114.55182073800002,18,380,311,7.659424274200001,1,383.56771893914
24,Shashank Singh,354,225,140.53482737666667,1,5,6,0.5555555555555556,1,378.9937815463333
24,Shahbaz Ahmed,215,173,154.13069108,7,252,160,11.718386876285715,1,370.2236912611143
22,KH Pandya,183,150,96.271460414,10,265,232,7.1868172758,1,368.22539294146003
23,AD Russell,227,162,122.7311175625,7,172,99,7.27410714375,1,368.137103125625
24,Nithish Kumar Reddy,303,221,125.620098615,3,153,87,9.869847030499999,1,366.22507547535
22,PWH de Silva,38,48,81.67892155,17,271,225,6.9684597845,1,361.41313852965
23,R Ashwin,67,55,129.0476190385714,14,334,285,7.024749923,1,360.1068607346714
22,TA Boult,40,30,140.158730152,15,449,363,7.0251154929999995,1,359.9400843977
23,MR Marsh,128,97,85.18264839999999,12,170,132,5.952006133599999,1,357.76919267991997
24,DJ Mitchell,318,228,127.43635709142858,1,70,38,2.969670329714286,1,356.34000602851427
22,Umran Malik,4,8,53.333333333333336,19,347,237,8.754332459666667,1,355.3737002621
23,Mohammed Shami,5,8,35.714285715,19,267,233,6.807115384499999,1,351.17215109914997
22,JO Holder,58,46,111.63003663250001,14,391,266,8.850075188,1,349.83398843335
22,RD Chahar,77,70,76.4814814725,14,351,290,7.4436165800000005,1,349.21135946774996
23,MM Sharma,0,1,0.0,20,181,141,7.70212766,1,347.689361702
22,UT Yadav,55,41,100.3968254,14,295,249,7.314313725333332,1,345.4247535024
22,AR Patel,182,122,155.232334875,6,319,261,7.649512987,1,345.2748465664
22,Avesh Khan,22,13,185.18518519999998,13,223,178,7.569019927,1,344.2848495819
23,KH Pandya,188,172,96.66666667142856,7,289,229,7.532312924714286,1,340.7403061240143
24,HV Patel,13,19,52.857142855,17,206,156,7.761344538,1,340.0287394951
24,JJ Bumrah,12,12,130.0,14,183,201,5.761164883666666,1,333.2716505349
23,PP Chawla,25,22,103.96825397666667,14,349,257,8.373485777,1,331.17843045989997
24,WG Jacks,230,133,152.30520697833333,2,98,55,6.59,1,328.71456209350004
22,DR Sams,38,40,126.42857142000001,12,313,255,7.919694792333334,1,324.5526629883
23,Ravi Bishnoi,20,28,82.66666666799999,14,302,250,7.7524615384,1,322.47426153888
24,Kuldeep Yadav,47,44,99.0530303125,12,295,192,8.87735294125,1,320.552703211375
22,SP Narine,71,40,148.80952382499999,9,310,342,5.51266285025,1,318.48905829242494
23,MM Ali,124,92,157.07038475000002,6,162,127,7.1915137614999995,1,316.96366129654996
22,DJ Bravo,23,26,83.33333333333333,13,276,205,8.068268130666667,1,314.0795195608
22,Kuldeep Yadav,48,54,90.0,11,302,208,8.492501209666665,1,308.4522496371
22,B Kumar,24,28,93.37121213,12,373,330,6.796158277,1,307.9725161559
24,KH Pandya,133,112,105.43367346666666,6,220,187,6.983125404,1,306.0351644188
23,B Kumar,42,49,83.92857143,11,252,192,7.7142857145,1,303.86428571465
24,PP Chawla,15,15,88.571428572,12,250,185,8.3754124322,1,301.55880484194
24,MA Starc,9,11,65.0,13,323,205,8.355701754250001,1,301.493289473725
22,JJ Bumrah,0,9,0.0,15,268,257,6.398989899,1,298.0803030303
23,Harpreet Brar,52,42,110.95238095714285,9,203,154,7.358646616571428,1,297.07812030217144
22,TG Southee,2,12,6.666666666666667,14,275,220,7.396907040333333,1,290.7809278879
23,Mohammed Siraj,1,2,50.0,12,222,206,6.500988142000001,1,283.5497035574
23,Kuldeep Yadav,31,50,55.105132958571424,10,340,281,6.578654347285714,1,280.0579435833857
22,M Ashwin,12,14,120.0,9,228,179,7.811039835333332,1,279.6566880494
24,R Ashwin,86,76,92.95739349142858,6,399,294,7.944173492428571,1,278.50396599970003
22,JR Hazlewood,18,27,51.041666667499996,10,250,189,7.3081550805,1,272.1200534761
22,R Dhawan,37,41,151.351727975,6,156,119,7.710664335500001,1,271.59231909184996
23,CV Varun,1,11,6.25,12,255,187,6.398773006,1,270.4553680982
22,Arshdeep Singh,21,30,34.09090909,10,380,317,7.0984792575,1,268.59772894975004
22,Ramandeep Singh,45,42,109.42684766333332,6,54,41,2.6341463413333335,1,264.5378103966
24,GJ Maxwell,52,46,35.809523806,6,124,98,7.9372549018,1,244.36168067126002
24,Ravi Bishnoi,4,6,75.0,7,205,160,7.198529412,1,242.3404411764
22,M Theekshana,7,7,87.5,6,133,116,7.0265151515,1,237.64204545455
22,M Prasidh Krishna,6,12,48.571428569999995,6,160,150,5.9607843135,1,225.78319327695002
22,Abhishek Sharma,426,329,128.84358062500002,0,38,24,5.66666666675,1,
22,D Padikkal,376,317,116.27070853333333,0,0,0,0.0,1,
22,DA Miller,481,348,144.56010568333332,0,0,0,0.0,1,
22,DA Warner,432,301,139.33374673333333,0,0,0,0.0,1,
22,F du Plessis,468,377,91.84838180166666,0,0,0,0.0,1,
22,Ishan Kishan,418,355,113.4432000225,0,0,0,0.0,1,
22,JC Buttler,863,596,142.16965361666666,0,0,0,0.0,1,
22,JM Sharma,234,149,160.591842525,0,0,0,0.0,1,
22,KD Karthik,330,188,147.05393679166664,0,0,0,0.0,1,
22,KL Rahul,616,472,118.91299436,0,0,0,0.0,1,
22,N Pooran,306,228,134.311767275,0,0,0,0.0,1,
22,N Rana,361,259,135.790141225,0,23,12,5.75,1,
22,PP Shaw,283,193,148.541257425,0,0,0,0.0,1,
22,Q de Kock,508,350,136.23381262,0,0,0,0.0,1,
22,RA Tripathi,413,271,134.6511697925,0,0,0,0.0,1,
22,RD Gaikwad,368,298,99.3405163425,0,0,0,0.0,1,
22,RM Patidar,333,232,139.02997252,0,0,0,0.0,1,
22,RR Pant,340,234,147.33763464999998,0,0,0,0.0,1,
22,S Dhawan,460,395,115.9170299,0,0,0,0.0,1,
22,SA Yadav,303,210,130.396440125,0,0,0,0.0,1,
22,SO Hetmyer,314,221,122.43759591833333,0,0,0,0.0,1,
22,SS Iyer,401,310,128.697255875,0,7,6,1.75,1,
22,SV Samson,458,321,145.48682361666667,0,0,0,0.0,1,
22,Shubman Gill,483,374,123.47017079833331,0,0,0,0.0,1,
22,TH David,186,91,195.78865580000002,0,0,0,0.0,1,
22,Tilak Varma,397,313,127.837552025,0,13,12,3.25,1,
22,V Kohli,341,306,107.51085125833333,0,0,0,0.0,1,
22,WP Saha,317,266,83.66963533666667,0,0,0,0.0,1,
23,AM Rahane,326,193,179.81362675,0,0,0,0.0,1,
23,Abdul Samad,169,131,165.90476189999998,0,0,0,0.0,1,
23,B Sai Sudharsan,362,264,121.87772543333334,0,0,0,0.0,1,
23,DA Warner,516,406,106.7704348625,0,0,0,0.0,1,
23,DP Conway,672,493,115.10888522857142,0,0,0,0.0,1,
23,Dhruv Jurel,152,93,155.11359043428573,0,0,0,0.0,1,
23,F du Plessis,730,483,146.752184625,0,0,0,0.0,1,
23,H Klaasen,448,262,169.9721009,0,0,0,0.0,1,
23,Ishan Kishan,454,325,120.78450130249999,0,0,0,0.0,1,
23,JC Buttler,392,298,82.52329196333332,0,0,0,0.0,1,
23,JM Sharma,309,205,144.03205247111111,0,0,0,0.0,1,
23,KR Mayers,379,276,112.81019706142857,0,59,46,5.723704865999999,1,
23,N Pooran,358,217,188.934672025,0,0,0,0.0,1,
23,N Wadhera,241,171,141.03150181799998,0,0,0,0.0,1,
23,P Simran Singh,358,245,126.19039637777779,0,0,0,0.0,1,
23,RD Gaikwad,590,411,136.49031027142857,0,0,0,0.0,1,
23,RG Sharma,332,258,91.24566089000001,0,0,0,0.0,1,
23,RK Singh,474,333,131.49312736375,0,0,0,0.0,1,
23,S Dhawan,373,275,133.13233485714287,0,0,0,0.0,1,
23,S Dube,418,277,162.55168734285715,0,0,0,0.0,1,
23,SA Yadav,605,340,137.72600475,0,0,0,0.0,1,
23,SV Samson,362,240,126.69888541888889,0,0,0,0.0,1,
23,Shubman Gill,890,582,111.77301865222222,0,0,0,0.0,1,
23,Tilak Varma,343,226,177.78388055714285,0,7,7,0.8571428571428571,1,
23,V Kohli,639,473,108.805364825,0,0,0,0.0,1,
23,V Shankar,301,199,145.39761503285715,0,0,0,0.0,1,
23,VR Iyer,404,288,141.3424848,0,0,0,0.0,1,
23,WP Saha,371,297,118.03042935555555,0,0,0,0.0,1,
23,YBK Jaiswal,625,397,138.89434761111113,0,0,0,0.0,1,
24,A Raghuvanshi,163,109,153.80952382,0,0,0,0.0,1,
24,Abdul Samad,182,113,162.50437064125,0,0,0,0.0,1,
24,Abishek Porel,327,213,143.41742065875,0,0,0,0.0,1,
24,B Sai Sudharsan,527,388,115.04293391285715,0,0,0,0.0,1,
24,F du Plessis,438,276,147.299664575,0,0,0,0.0,1,
24,H Klaasen,479,293,148.0625852375,0,0,0,0.0,1,
24,Ishan Kishan,320,222,114.8527119025,0,0,0,0.0,1,
24,J Fraser-McGurk,330,150,203.72462604,0,0,0,0.0,1,
24,JC Buttler,359,266,106.99726881857143,0,0,0,0.0,1,
24,JM Bairstow,298,197,140.8785065425,0,0,0,0.0,1,
24,KD Karthik,326,195,164.47652666,0,0,0,0.0,1,
24,KL Rahul,520,398,129.2269649475,0,0,0,0.0,1,
24,MS Dhoni,161,82,189.9151287375,0,0,0,0.0,1,
24,N Pooran,499,296,181.26153221250001,0,0,0,0.0,1,
24,P Simran Singh,334,216,167.97126256666667,0,0,0,0.0,1,
24,PD Salt,435,250,134.96797196666668,0,0,0,0.0,1,
24,PP Shaw,198,125,159.63650736666668,0,0,0,0.0,1,
24,R Parag,573,407,138.83067366999998,0,27,19,1.7846153846,1,
24,RD Gaikwad,583,425,93.07632099125,0,0,0,0.0,1,
24,RG Sharma,417,293,126.417221125,0,0,0,0.0,1,
24,RM Patidar,395,237,163.63054377142856,0,0,0,0.0,1,
24,RR Pant,446,296,131.43352190375,0,0,0,0.0,1,
24,RR Rossouw,211,122,162.9116809,0,0,0,0.0,1,
24,SA Yadav,345,209,149.81551099499998,0,0,0,0.0,1,
24,SD Hope,183,125,152.20178196666666,0,0,0,0.0,1,
24,SS Iyer,351,250,154.60797557142857,0,0,0,0.0,1,
24,SV Samson,531,367,121.58173078,0,0,0,0.0,1,
24,Shubman Gill,426,295,118.8871145257143,0,0,0,0.0,1,
24,TM Head,567,307,174.92533818571428,0,32,10,2.742857142857143,1,
24,Tilak Varma,416,291,145.8438742675,0,8,4,1.5,1,
24,V Kohli,741,497,142.16045865375,0,0,0,0.0,1,
24,VR Iyer,370,238,162.31883937142857,0,28,6,4.0,1,
24,YBK Jaiswal,435,288,153.84615385,0,0,0,0.0,1,
